Industry_Code,Industry_Name,average_return,average_volatility,number_of_stocks
B,Mining,0.0041009486111111115,0.16938043477885434,4
D,Manufacturing,0.01228116507936508,0.08234804549846089,7
E,Transportation and Public Utilities,0.011001950308641976,0.11940557907151327,18
F,Wholesale Trade,0.008138974444444443,0.10039830989521144,10
G,Retail Trade,0.009949618055555555,0.11290711237469037,8
H,"Finance, Insurance and Real Estate",0.006674813213213213,0.0724358777055251,37
I,Services,0.010310904166666668,0.1278766561018411,8
